Galaxy Name,m-M,err,D,Method,REFCODE,RA,Dec,GLON,GLAT,V helio (z)
,(mag),(mag),(Mpc),,,(J2000),(J2000),,,(km/s)
GRB 021004,46.48**,1.8,4331,GRB,2006astro.ph..9262M,26:54.7,+18:55:41.3,114.9,-43.6,250249
GRB 021004,46.45*,0.52,5873,GRB,2006astro.ph.12285S,26:54.7,+18:55:41.3,114.9,-43.6,250249
GRB 050824,43.35*,1.29,2556,GRB,2006astro.ph.12285S,48:56.2,+22:36:31.2,122.2,-40.3,161922
CDFa C01,45.77**,1.58,2464,HII LF,2005MNRAS.356.1117S,53:34.7,+12:30:30.0,123.8,-50.4,266281
GRB 050904,49.34*,0.53,10122,GRB,2006astro.ph.12285S,54:50.8,+14:05:08.2,124.2,-48.8,288711
GRB 041006,43.91*,0.45,3528,GRB,2006astro.ph.12285S,54:54.0,+01:12:00.0,124.7,-61.7,147793
[PDG95a] J010120.60+041834.3,42.81*,0.22,2490,SNIa,2004ApJ...607..665R,01:20.6,+04:18:34.3,127.7,-58.5,109220
[PDG95a] J010135.35+042614.1,43.21*,0.24,2927,SNIa,2004ApJ...607..665R,01:35.4,+04:26:14.1,127.8,-58.3,114964
GRB 050908,46.97*,0.79,5703,GRB,2006astro.ph.12285S,21:50.7,-12:57:19.0,151.1,-74.1,269618
MS 0122.1+0903,41.40*,. . .,1526,BL Lac M,2005ApJ...635..173S,24:44.5,+09:18:50.0,136.6,-52.7,65580
GRB 000210,42.45*,0.67,1674,GRB,2006astro.ph.12285S,59:15.6,-40:39:33.1,261.3,-70.5,166972
GRB 000210,<43.90**,0.29,2346,GRB,2006astro.ph..9262M,59:15.6,-40:39:33.1,261.3,-70.5,166972
MS 0158.5+0019,40.90*,. . .,1166,BL Lac M,2005ApJ...635..173S,01:06.2,+00:34:00.1,156.9,-57.6,76603
PKS 0201+113 B13,47.49**,3.43,7057,HII LF,2005MNRAS.356.1117S,03:49.2,+11:36:10.7,149.7,-47.5,245432
GRB 040924,43.84*,0.61,3153,GRB,2006astro.ph.12285S,06:22.6,+16:06:48.8,147.9,-43.1,165232
H-ZSNS J020954.02-052817.8,40.79*,0.32,1013,SNIa,2004ApJ...607..665R,09:54.0,-05:28:17.8,167.2,-61.4,101017
H-ZSNS J021132.03-041356.1,42.77*,0.21,2436,SNIa,2004ApJ...607..665R,11:32.0,-04:13:56.1,166.3,-60.2,110104
GRB 050406,47.92*,0.78,11150,GRB,2006astro.ph.12285S,17:52.4,-50:11:14.9,273.2,-61.6,253073
GRB 000911,>44.00**,0.46,2238,GRB,2006astro.ph..9262M,18:34.4,+07:44:27.7,157.2,-49.2,185312
GRB 000911,45.10*,0.68,5088,GRB,2006astro.ph.12285S,18:34.4,+07:44:27.7,157.2,-49.2,185312
[AGR2006] J022410.39-040214.9,42.429*,0.039,2035,SNIa,2006A&A...447...31A,24:10.4,-04:02:14.9,170.8,-58,115984
[HSP2005] J022414.08-043956.98,43.871*,0.344,3183,SNIa,2006A&A...447...31A,24:14.1,-04:39:56.9,171.6,-58.5,166237
[AGR2006] J022414.78-043101.6,42.881*,0.054,2395,SNIa,2006A&A...447...31A,24:14.8,-04:31:01.6,171.4,-58.4,128616
[HSP2005] J022423.32-044314.41,42.180*,0.038,1824,SNIa,2006A&A...447...31A,24:23.3,-04:43:14.4,171.7,-58.5,114622
[AGR2006] J022441.12-041719.6,42.511*,0.029,2041,SNIa,2006A&A...447...31A,24:41.1,-04:17:19.7,171.3,-58.1,124693
[HSP2005] J022455.28-042303.68,44.095*,0.301,3525,SNIa,2006A&A...447...31A,24:55.3,-04:23:03.7,171.5,-58.2,166460
[PDG95a] J022455.55+005307.7,42.04*,0.19,1828,SNIa,2004ApJ...607..665R,24:55.6,+00:53:07.7,165.5,-54.1,97230
[AGR2006] J022456.02-040737.1,42.825*,0.08,2373,SNIa,2006A&A...447...31A,24:56.0,-04:07:37.1,171.2,-58,123252
[AGR2006] J022543.62-040838.9,40.946*,0.013,1162,SNIa,2006A&A...447...31A,25:43.6,-04:08:38.9,171.5,-57.8,83458
SNLS 04D1ln,39.7,0.15,871,SNII,2006ApJ...645..841N,25:53.5,-04:27:03.8,171.9,-58,55794
[AGR2006] J022553.98-045940.5,43.209*,0.106,2547,SNIa,2006A&A...447...31A,25:53.9,-04:59:40.5,172.6,-58.4,148452
[AGR2006] J022558.32-040744.1,43.046*,0.049,2409,SNIa,2006A&A...447...31A,25:58.3,-04:07:44.2,171.5,-57.8,144030
[HSP2005] J022616.23-045605.76,43.398*,0.088,2848,SNIa,2006A&A...447...31A,26:16.2,-04:56:05.8,172.7,-58.3,142794
[PDG95a] J022625.82+004844.4,42.85*,0.23,2301,SNIa,2004ApJ...607..665R,26:25.8,+00:48:44.4,166.1,-53.9,133621
H-ZSNS J022633.31+002535.0,43.33*,0.32,2729,SNIa,2004ApJ...607..665R,26:33.3,+00:25:35.0,166.5,-54.2,145388
[AGR2006] J022637.71-045019.5,41.367*,0.021,1394,SNIa,2006A&A...447...31A,26:37.7,-04:50:19.6,172.7,-58.2,86547
SNLS 04D1pj,39.69,0.15,867,SNII,2006ApJ...645..841N,26:50.3,-04:12:07.6,171.9,-57.7,43056
[HSP2005] J022655.68-041808.10,43.490*,0.09,2772,SNIa,2006A&A...447...31A,26:55.7,-04:18:08.1,172.1,-57.8,158381
[AGR2006] J022733.39-041938.7,42.644*,0.055,2214,SNIa,2006A&A...447...31A,27:33.4,-04:19:38.7,172.3,-57.7,119665
H-ZSNS J022734.53+011149.4,42.74*,0.23,2403,SNIa,2004ApJ...607..665R,27:34.5,+01:11:49.4,166,-53.4,110104
H-ZSNS J022758.33+003936.8,41.62*,0.31,1551,SNIa,2004ApJ...607..665R,27:58.3,+00:39:36.8,166.7,-53.8,89382
H-ZSNS J022807.13+002645.1,44.09*,0.28,3623,SNIa,2004ApJ...607..665R,28:07.1,+00:26:45.1,167,-53.9,160167
H-ZSNS J022823.72+003909.6,43.76*,0.33,3121,SNIa,2004ApJ...607..665R,28:23.7,+00:39:09.6,166.9,-53.7,159575
H-ZSNS J022853.88+011624.2,44.25*,0.23,3453,SNIa,2004ApJ...607..665R,28:53.9,+01:16:24.2,166.4,-53.2,184543
H-ZSNS J022900.29+002044.2,44.23*,0.19,3721,SNIa,2004ApJ...607..665R,29:00.3,+00:20:44.2,167.4,-53.9,168109
H-ZSNS J022905.71+004720.1,43.22*,0.26,2563,SNIa,2004ApJ...607..665R,29:05.7,+00:47:20.1,167,-53.5,148189
H-ZSNS J023021.05+010348.5,41.96*,0.41,1601,SNIa,2004ApJ...607..665R,30:21.1,+01:03:48.5,167.1,-53.1,121959
H-ZSNS J023035.62+010943.3,43.99*,0.25,3254,SNIa,2004ApJ...607..665R,30:35.6,+01:09:43.3,167.1,-53,172893
1ES 0229+200,39.38*,. . .,660,BL Lac M,2005ApJ...635..173S,32:48.6,+20:17:17.5,152.9,-36.6,38799
H-ZSNS J023354.39+003255.6,42.29*,0.28,1966,SNIa,2004ApJ...607..665R,33:54.4,+00:32:55.6,168.8,-52.9,108330
GRB 050603,45.45*,0.61,3220,GRB,2006astro.ph.12285S,39:56.9,-25:10:54.6,214.5,-65.6,261358
[K95] J025730.70-014119.8,40.76*,0.6,1144,SNIa,2004ApJ...607..665R,57:30.7,-01:41:19.8,178.2,-50.5,63512
MS 0257.9+3429,40.84*,. . .,1181,BL Lac M,2005ApJ...635..173S,01:03.8,+34:41:00.9,151.1,-21,65122
[PDG95a] J030107.58+022120.8,42.37*,0.2,2013,SNIa,2004ApJ...607..665R,01:07.6,+00:21:20.8,176.9,-48.5,111858
[K95] J031228.13+004143.4,40.44*,0.46,942,SNIa,2004ApJ...607..665R,12:28.1,+00:41:43.4,179.4,-46.1,76898
GRB 050318,45.71*,0.47,5683,GRB,2006astro.ph.12285S,18:51.2,-46:23:43.7,256.5,-55.2,213566
"MS 0317.0+1834; LEDA 138616",40.12*,. . .,888,BL Lac M,2005ApJ...635..173S,19:51.8,+18:45:34.2,165.1,-31.7,51630
COMBO-17 40328,45.09*,0.45,4343,SNIa,2004ApJ...607..665R,32:06.8,-27:44:34.2,223.4,-54.5,211096
COMBO-17 40328,45.28*,0.81,4740,SNIa,2006astro.ph.11572R,32:06.8,-27:44:34.2,223.4,-54.5,211096
SN HST04Mcg,45.23*,0.25,4691,SNIa,2006astro.ph.11572R,32:10.0,-27:49:49.98,223.6,-54.5,209178
SN HST04Rak,43.38*,0.22,2726,SNIa,2006astro.ph.11572R,32:18.2,-27:44:10.55,223.4,-54.4,150923
SN HST04Gre,44.44*,0.31,3611,SNIa,2006astro.ph.11572R,32:21.5,-27:46:58.30,223.5,-54.5,192332
COMBO-17 40676,43.09*,0.19,2392,SNIa,2004ApJ...607..665R,32:22.2,-27:44:26.9,223.5,-54.4,150278
COMBO-17 40676,43.14*,0.19,2447,SNIa,2006astro.ph.11572R,32:22.2,-27:44:26.9,223.5,-54.4,150278
COMBO-17 46259,43.08*,0.27,2707,SNIa,2006astro.ph.11572R,32:22.6,-27:41:52.3,223.4,-54.4,119665
COMBO-17 46259,43.01*,0.27,2621,SNIa,2004ApJ...607..665R,32:22.6,-27:41:52.3,223.4,-54.4,119665
COMBO-17 36727,44.70*,0.22,3779,SNIa,2004ApJ...607..665R,32:24.8,-27:46:17.8,223.5,-54.4,204817
COMBO-17 36727,44.51*,0.3,3462,SNIa,2006astro.ph.11572R,32:24.8,-27:46:17.8,223.5,-54.4,204817
SN HST04Omb,44.21*,0.26,3519,SNIa,2006astro.ph.11572R,32:25.3,-27:45:03.01,223.5,-54.4,177444
APMUKS(BJ) B033029.00-275002.4,40.33*,0.19,957,SNIa,2006astro.ph.11572R,32:34.7,-27:39:57.1,223.3,-54.4,57893
APMUKS(BJ) B033029.00-275002.4,40.33*,0.18,957,SNIa,2004ApJ...607..665R,32:34.7,-27:39:57.1,223.3,-54.4,57893
SN HST04Kur,41.23*,0.39,1297,SNIa,2006astro.ph.11572R,32:36.0,-27:51:17.66,223.7,-54.4,89181
COMBO-17 35663,45.06*,0.2,4470,SNIa,2006astro.ph.11572R,32:37.6,-27:46:46.7,223.5,-54.4,204469
COMBO-17 35663,45.27*,0.19,4923,SNIa,2004ApJ...607..665R,32:37.6,-27:46:46.7,223.5,-54.4,204469
COMBO-17 18702,44.99*,0.31,4315,SNIa,2006astro.ph.11572R,32:44.3,-27:55:06.3,223.8,-54.4,204817
SN HST05Zwi,42.05*,0.37,1690,SNIa,2006astro.ph.11572R,32:45.7,-27:44:24.30,223.5,-54.4,118837
COMBO-17 19434,45.07*,0.32,4048,SNIa,2006astro.ph.11572R,32:46.9,-27:54:49.1,223.8,-54.4,219929
COMBO-17 19434,45.30*,0.22,4501,SNIa,2004ApJ...607..665R,32:46.9,-27:54:49.1,223.8,-54.4,219929
MS 0331.3-3629,40.96*,. . .,1190,BL Lac M,2005ApJ...635..173S,33:12.2,-36:19:48.0,238.3,-54.7,78614
GRB 060115,47.80*,0.82,8015,GRB,2006astro.ph.12285S,36:11.0,+17:21:00.0,169.6,-30.2,271932
GRB 060223,47.93*,0.61,7125,GRB,2006astro.ph.12285S,40:52.0,-17:08:00.0,207.6,-49.7,279983
"RBS 0476; 1ES 0347-121",39.85*,. . .,788,BL Lac M,2005ApJ...635..173S,49:23.2,-11:59:27.0,201.9,-45.7,50404
PKS 0347-383 C05,47.12**,0.44,4443,HII LF,2005MNRAS.356.1117S,49:43.5,-38:10:04.9,241,-51.3,268240
GRB 060210,48.08*,0.46,8412,GRB,2006astro.ph.12285S,50:55.0,+27:02:00.0,165.2,-20.8,275912
H-ZSNS J041403.88+041755.0,42.38*,0.21,2035,SNIa,2004ApJ...607..665R,14:03.9,+04:17:55.0,188.2,-31.9,110104
H-ZSNS J041502.44+042318.1,42.41*,0.25,2036,SNIa,2004ApJ...607..665R,15:02.4,+04:23:18.1,188.3,-31.7,113592
[HB89] 0414+009,41.05*,. . .,1260,BL Lac M,2005ApJ...635..173S,16:52.5,+01:05:23.9,191.8,-33.2,74076
MS 0419.3+1943,43.68*,. . .,3601,BL Lac M,2005ApJ...635..173S,22:18.3,+19:50:55.8,176,-20.6,117334
H-ZSNS J043741.45-012933.1,43.12*,0.17,2374,SNIa,2004ApJ...607..665R,37:41.5,-01:29:33.1,197.6,-30.1,154965
H-ZSNS J043913.82-012318.2,43.91*,0.26,3060,SNIa,2004ApJ...607..665R,39:13.8,-01:23:18.2,197.8,-29.8,177739
H-ZSNS J043922.39-013251.4,43.55*,0.29,2798,SNIa,2004ApJ...607..665R,39:22.4,-01:32:51.4,197.9,-29.8,162269
H-ZSNS J043930.68-012821.9,43.75*,0.38,3001,SNIa,2004ApJ...607..665R,39:30.7,-01:28:21.9,197.9,-29.7,166902
[PDG95a] J044033.70-053001.9,42.13*,0.21,1839,SNIa,2004ApJ...607..665R,40:33.7,-05:30:01.9,202.1,-31.5,106534
H-ZSNS J045514.27-055144.8,43.04*,0.21,2567,SNIa,2004ApJ...607..665R,55:14.3,-05:51:44.8,204.5,-28.5,128306
H-ZSNS J045611.63-034126.0,44.03*,0.3,3439,SNIa,2004ApJ...607..665R,56:11.6,-03:41:26.0,202.4,-27.2,165344
H-ZSNS J045856.32-035929.4,42.66*,0.18,2210,SNIa,2004ApJ...607..665R,58:56.3,-03:59:29.4,203.1,-26.8,121959
H-ZSNS J045936.57-030934.6,42.56*,0.18,2125,SNIa,2004ApJ...607..665R,59:36.6,-03:09:34.6,202.4,-26.2,120324
H-ZSNS J045937.31-030901.6,39.79*,0.18,769,SNIa,2004ApJ...607..665R,59:37.3,-03:09:01.6,202.4,-26.2,49172
GRB 970228,42.79*,0.71,2132,GRB,2006astro.ph.12285S,01:57.0,+11:46:24,188.9,-17.9,144982
"RGB J0507+676; 1ES 0502+675",41.37*,. . .,1430,BL Lac M,2005ApJ...635..173S,07:56.3,+67:37:24.4,143.8,15.9,79890
GRB 060124,47.02*,0.44,7692,GRB,2006astro.ph.12285S,08:10.0,+69:43:00.0,142,17.1,249253
GRB 991216,42.53*,1.23,1587,GRB,2006astro.ph.12285S,09:31.2,+11:17:07.0,190.4,-16.6,181764
GRB 991216,44.02**,0.83,2301,GRB,2006astro.ph..9262M,09:31.2,+11:17:07.0,190.4,-16.6,181764
1H 0506-039,41.10*,. . .,1273,BL Lac M,2005ApJ...635..173S,09:38.1,-04:00:45.5,204.5,-24.4,77758
GRB 990705,43.98**,0.43,2477,GRB,2006astro.ph..9262M,09:54.8,-72:07:54.0,283.5,-33.4,163357
GRB 990705,43.77*,0.46,3080,GRB,2006astro.ph.12285S,09:54.8,-72:07:54.0,283.5,-33.4,163357
GRB 060116,48.42*,0.95,6356,GRB,2006astro.ph.12285S,38:48.0,-05:27:00.0,209.5,-18.6,289588
GRB 000131,>47.06**,0.44,3421,GRB,2006astro.ph..9262M,13:31.1,-51:56:41.7,260,-26.7,280666
GRB 000131,47.72*,0.69,6350,GRB,2006astro.ph.12285S,13:31.1,-51:56:41.7,260,-26.7,280666
MS 0607.9+7108,41.08*,. . .,1298,BL Lac M,2005ApJ...635..173S,13:43.3,+71:07:26.7,143.2,22.6,69651
GRB 060510,48.71*,0.95,9357,GRB,2006astro.ph.12285S,23:29.0,-01:10:00.0,210.8,-6.8,283049
GRB 970508,43.92*,0.43,3314,GRB,2006astro.ph.12285S,53:28.0,+79:17:24.0,134.9,26.7,162488
GRB 970508,45.1**,0.47,4166,GRB,2006astro.ph..9262M,53:28.0,+79:17:24.0,134.9,26.7,162488
1ES 0715-259,42.94*,. . .,2643,BL Lac M,2005ApJ...635..173S,18:04.8,-26:08:11.6,239.2,-6.2,109220
MS 0737.9+7441,41.04*,. . .,1228,BL Lac M,2005ApJ...635..173S,44:05.3,+74:33:57.6,140.3,29.6,80102
H-ZSNS J074855.70+100606.3,42.02*,0.17,1781,SNIa,2004ApJ...607..665R,48:55.7,+10:06:06.3,210.3,17.3,101578
H-ZSNS J075013.53+101710.4,40.89*,0.3,1079,SNIa,2004ApJ...607..665R,50:13.5,+10:17:10.4,210.2,17.7,96558
H-ZSNS J075031.24+102107.3,43.99*,0.38,3244,SNIa,2004ApJ...607..665R,50:31.2,+10:21:07.3,210.2,17.8,173513
H-ZSNS J075035.90+095814.2,43.90*,0.3,3202,SNIa,2004ApJ...607..665R,50:35.9,+09:58:14.2,210.6,17.6,167781
H-ZSNS J075039.32+102019.1,40.71*,0.27,1035,SNIa,2004ApJ...607..665R,50:39.3,+10:20:19.1,210.2,17.8,85236
H-ZSNS J080045.31+053127.4,42.56*,0.27,2227,SNIa,2004ApJ...607..665R,00:45.3,+05:31:27.4,215.9,17.9,108330
H-ZSNS J080045.31+053127.4,42.62*,0.21,2289,SNIa,2006ApJ...642....1C,00:45.3,+05:31:27.4,215.9,17.9,108330
H-ZSNS J080045.31+053127.4,42.63*,0.14,2300,SNIa,2006ApJ...642....1C,00:45.3,+05:31:27.4,215.9,17.9,108330
H-ZSNS J080451.56+051547.7,42.91*,0.81,2021,SNIa,2004ApJ...607..665R,04:51.6,+05:15:47.7,216.6,18.7,168653
GRB 021211,42.32*,1.02,1448,GRB,2006astro.ph.12285S,08:59.9,+06:43:37.5,215.7,20.3,180830
1ES 0806+524,39.12*,. . .,586,BL Lac M,2005ApJ...635..173S,09:49.2,+52:18:58.7,166.2,32.9,38540
[PDG95a] J081906.45+074321.0,42.07*,0.19,1869,SNIa,2004ApJ...607..665R,19:06.5,+07:43:21.0,216,23,94914
H-ZSNS J082138.13+032510.5,43.81*,0.35,3248,SNIa,2004ApJ...607..665R,21:38.1,+03:25:10.5,220.4,21.6,155952
H-ZSNS J082350.03+032852.8,39.98*,0.18,840,SNIa,2004ApJ...607..665R,23:50.0,+03:28:52.8,220.7,22.1,49172
SCP J082352.67+040844.0,42.86*,0.19,2364,SNIa,2004ApJ...607..665R,23:52.7,+04:08:44.0,220,22.4,128151
SCP J082405.21+041122.6,41.45*,0.18,1477,SNIa,2004ApJ...607..665R,24:05.2,+04:11:22.6,220,22.5,81157
H-ZSNS J082409.46-004808.2,41.64*,0.35,1409,SNIa,2004ApJ...607..665R,24:09.5,-00:48:08.2,224.7,20.1,116998
H-ZSNS J082413.33+032458.5,42.58*,0.19,2202,SNIa,2004ApJ...607..665R,24:13.3,+03:24:58.5,220.8,22.2,113592
[GC96] J082443.49-002106.2,42.02*,0.22,1837,SNIa,2004ApJ...607..665R,24:43.5,-00:21:06.2,224.4,20.5,93352
"[HB89] 0829+046; LEDA 139115",39.71*,. . .,746,BL Lac M,2005ApJ...635..173S,31:48.9,+04:29:39.1,220.7,24.3,47604
[HB89] 0828+493,42.50*,. . .,2043,BL Lac M,2005ApJ...635..173S,32:23.2,+49:13:21.0,170.1,36.4,123252
H-ZSNS J084631.40+440356.6,42.77*,0.25,2344,SNIa,2004ApJ...607..665R,46:31.4,+44:03:56.6,176.7,38.7,119995
H-ZSNS J084924.61+440222.4,43.88*,0.31,3319,SNIa,2004ApJ...607..665R,49:24.6,+44:02:22.4,176.8,39.2,158261
H-ZSNS J084945.85+441531.8,43.97*,0.35,3434,SNIa,2004ApJ...607..665R,49:45.9,+44:15:31.8,176.5,39.3,159812
B2 0902+343 C06,45.22**,1.76,1918,HII LF,2005MNRAS.356.1117S,05:20.6,+34:09:07.7,190,41.5,266111
B2 0902+343 C12,46.96**,0.4,3984,HII LF,2005MNRAS.356.1117S,05:43.8,+34:11:07.7,190,41.6,270280
H-ZSNS J092642.96-053757.8,42.48*,0.16,2089,SNIa,2006ApJ...642....1C,26:42.9,-05:37:57.8,238.6,30.7,115305
H-ZSNS J092642.96-053757.8,42.75*,0.19,2365,SNIa,2004ApJ...607..665R,26:42.9,-05:37:57.8,238.6,30.7,115305
H-ZSNS J092642.96-053757.8,42.80*,0.2,2421,SNIa,2006ApJ...642....1C,26:42.9,-05:37:57.8,238.6,30.7,115305
GRB 050505,47.76*,0.6,6764,GRB,2006astro.ph.12285S,27:03.2,+30:16:22.7,196.3,45.4,278954
MS 0922.9+7459,42.88*,. . .,2300,BL Lac M,2005ApJ...635..173S,28:02.9,+74:47:19.1,137.5,36,136996
H-ZSNS J092808.08-045837.6,42.55*,0.2,2216,SNIa,2006ApJ...642....1C,28:08.1,-04:58:37.6,238.2,31.4,108330
H-ZSNS J092808.08-045837.6,42.77*,0.21,2453,SNIa,2006ApJ...642....1C,28:08.1,-04:58:37.6,238.2,31.4,108330
1ES 0927+500,39.77*,. . .,758,BL Lac M,2005ApJ...635..173S,30:37.6,+49:50:25.6,168.1,45.7,50832
H-ZSNS J093110.48-044536.5,43.61*,0.61,2881,SNIa,2004ApJ...607..665R,31:10.5,-04:45:36.5,238.5,32.1,161922
H-ZSNS J093120.00-051624.3,41.83*,0.4,1591,SNIa,2004ApJ...607..665R,31:20.0,-05:16:24.3,239,31.8,108330
GRB 020124,46.98*,0.44,5929,GRB,2006astro.ph.12285S,32:50.8,-11:31:10.6,245,28.3,267597
GRB 060108,47.43*,1.04,10105,GRB,2006astro.ph.12285S,47:58.0,+31:55:00.0,194.7,50.1,240899
[AGR2006] J095848.51+014618.6,43.427*,0.117,2784,SNIa,2006A&A...447...31A,58:48.5,+01:46:18.6,237,41.5,151052
[AGR2006] J095920.40+023031.8,43.237*,0.129,2601,SNIa,2006A&A...447...31A,59:20.4,+02:30:31.9,236.3,42.1,146597
[AGR2006] J095928.16+021915.5,41.772*,0.027,1598,SNIa,2006A&A...447...31A,59:28.2,+02:19:15.6,236.5,42,100079
[AGR2006] J100022.11+014555.7,41.441*,0.018,1431,SNIa,2006A&A...447...31A,00:22.1,+01:45:55.7,237.3,41.8,88779
[AGR2006] J100113.22+022453.9,43.144*,0.136,2516,SNIa,2006A&A...447...31A,01:13.2,+02:24:53.9,236.7,42.4,144439
[AGR2006] J100139.28+015259.3,42.439*,0.054,2021,SNIa,2006A&A...447...31A,01:39.3,+01:52:59.4,237.4,42.2,118837
MS 0958.9+2102,41.25*,. . .,1323,BL Lac M,2005ApJ...635..173S,01:42.4,+20:48:17.8,212.8,50.9,86138
[AGR2006] J100156.11+015246.4,41.485*,0.016,1447,SNIa,2006A&A...447...31A,01:56.1,+01:52:46.4,237.5,42.2,91180
[AGR2006] J100222.67+015339.3,41.776*,0.038,1584,SNIa,2006A&A...447...31A,02:22.7,+01:53:39.3,237.5,42.3,102878
H-ZSNS J100427.93-073551.1,42.81*,0.41,2369,SNIa,2006ApJ...642....1C,04:27.9,-07:35:51.1,247.5,36.7,121959
H-ZSNS J100427.93-073551.1,43.11*,0.2,2719,SNIa,2006ApJ...642....1C,04:27.9,-07:35:51.1,247.5,36.7,121959
[GC96a] J100527.66-072723.9,40.68*,0.43,1103,SNIa,2004ApJ...607..665R,05:27.7,-07:27:23.9,156.2,-17.9,63512
H-ZSNS J100546.60-072731.3,41.02*,0.81,1066,SNIa,2006ApJ...642....1C,05:46.6,-07:27:31.3,247.7,37.1,115305
[GC96] J101020.28-123309.2,41.70*,0.4,1530,SNIa,2004ApJ...607..665R,10:20.3,-12:33:09.2,253.1,34.3,128911
MS 1008.1-1224:PPP 001719,41.01*,0.25,1225,SNIa,2004ApJ...607..665R,10:33.2,-12:37:05.2,253.2,34.3,76898
"[HB89] 1011+496; 1ES 1011+496",39.91*,. . .,800,BL Lac M,2005ApJ...635..173S,15:04.1,+49:26:00.7,165.5,52.7,54061
GRB 050319,48.82*,1.25,13700,GRB,2006astro.ph.12285S,16:47.8,+43:32:54.9,174.8,54.9,268198
GRB 980613,45.85*,1.33,7057,GRB,2006astro.ph.12285S,18:04.0,+71:33:58.0,137.9,40.8,188689
GRB 980613,<47.03**,0.54,8866,GRB,2006astro.ph..9262M,18:04.0,+71:33:58.0,137.9,40.8,188689
H-ZSNS J102328.21+040711.1,42.57*,0.4,2268,SNIa,2004ApJ...607..665R,23:28.2,+04:07:11.1,239.4,47.9,104717
1ES 1028+511,41.34*,. . .,1362,BL Lac M,2005ApJ...635..173S,31:18.5,+50:53:35.9,161.4,54.4,89463
H-ZSNS J104226.65+000135.4,40.92*,0.3,1131,SNIa,2004ApJ...607..665R,42:26.7,+00:01:35.4,248.8,48.8,87362
"GRB 030329; SN 2003dh",39.88*,0.38,810,GRB,2006astro.ph.12285S,44:50.0,+21:31:17.8,217,60.7,46185
H-ZSNS J104850.96+000330.4,42.77*,0.19,2281,SNIa,2004ApJ...607..665R,48:50.9,+00:03:30.4,250.4,50,126747
SCP J104857.61+003150.0,42.10*,0.23,1814,SNIa,2004ApJ...607..665R,48:57.6,+00:31:50.0,250,50.4,106534
H-ZSNS J105012.19+573111.6,42.39*,0.27,1986,SNIa,2004ApJ...607..665R,50:12.2,+57:31:11.6,149.6,52.9,117669
[SPH95] J105047.00-091507.4,42.48*,0.23,2120,SNIa,2004ApJ...607..665R,50:47.0,-09:15:07.4,260,43.3,111509
H-ZSNS J105218.92+570729.6,43.05*,0.32,2381,SNIa,2004ApJ...607..665R,52:18.9,+57:07:29.6,149.8,53.3,147130
H-ZSNS J105224.28+571636.1,42.88*,0.31,2402,SNIa,2004ApJ...607..665R,52:24.3,+57:16:36.1,149.6,53.3,126433
SCP J105552.98-035902.3,42.63*,0.19,2124,SNIa,2004ApJ...607..665R,55:52.9,-03:59:02.3,256.6,48.2,128461
H-ZSNS J105555.93-035648.2,42.46*,0.19,2112,SNIa,2004ApJ...607..665R,55:55.9,-03:56:48.2,256.6,48.3,110104
H-ZSNS J105651.48-035836.9,41.99*,0.18,1736,SNIa,2004ApJ...607..665R,56:51.5,-03:58:36.9,256.9,48.4,104717
H-ZSNS J105659.13-033736.4,43.96*,0.46,3390,SNIa,2004ApJ...607..665R,56:59.1,-03:37:36.6,256.6,48.7,161620
H-ZSNS J105719.23-035451.7,43.27*,0.2,2732,SNIa,2004ApJ...607..665R,57:19.2,-03:54:51.7,256.9,48.5,138722
H-ZSNS J105721.51-031449.9,43.30*,0.36,2787,SNIa,2004ApJ...607..665R,57:21.5,-03:14:49.9,256.3,49,137286
SCP J105731.52-031348.3,42.10*,0.19,1858,SNIa,2004ApJ...607..665R,57:31.5,-03:13:48.3,256.3,49.1,100267
GRB 030323,47.13*,1.07,6100,GRB,2006astro.ph.12285S,06:09.4,-21:46:13.3,272.8,34.9,269984
GRB 011211,45.64*,0.53,4276,GRB,2006astro.ph.12285S,15:16.0,-21:55:44.0,275.2,35.7,244500
GRB 011211,47.54**,0.45,7488,GRB,2006astro.ph..9262M,15:16.0,-21:55:44.0,275.2,35.7,244500
SDSS J111610.21-001131.9,39.08*,0.4,566,SNIa,2004ApJ...607..665R,16:10.2,-00:11:31.9,259.1,54.4,43201
GRB 030115,46.44*,0.63,5545,GRB,2006astro.ph.12285S,18:30.0,+15:02:00.0,94.4,-18,254541
GRB 030226,46.51*,0.47,6726,GRB,2006astro.ph.12285S,33:04.9,+25:53:55.6,212.5,72.4,239327
H-ZSNS J113344.37+040513.4,42.62*,0.24,2050,SNIa,2004ApJ...607..665R,33:44.4,+04:05:13.4,260.7,60.4,135833
GRB 011121,<41.35**,1.08,998,GRB,2006astro.ph..9262M,34:29.6,-76:01:41.5,298.2,-13.9,89783
*MS 1133.7+1618,42.10*,. . .,1802,BL Lac M,2005ApJ...635..173S,36:17.5,+16:01:53.1,241.6,69.3,108330
[GC96a] J115033.54+102646.7,42.33*,0.34,2045,SNIa,2004ApJ...607..665R,50:33.5,+10:26:46.7,259.4,68,102878
GRB 990506,44.31*,0.57,3155,GRB,2006astro.ph.12285S,54:50.1,-26:40:36.0,287.6,34.5,204926
GRB 971214,<47.83**,0.37,6083,GRB,2006astro.ph..9262M,56:26.4,+65:12:00.5,132,50.9,270563
GRB 971214,48.44*,0.62,11040,GRB,2006astro.ph.12285S,56:26.4,+65:12:00.5,132,50.9,270563
[GC96] J120039.43-001602.4,42.81*,0.25,2323,SNIa,2004ApJ...607..665R,00:39.4,-00:16:02.4,276.9,60,126747
GRB 050408,45.51*,0.84,5657,GRB,2006astro.ph.12285S,02:17.3,+10:51:09.1,265.2,70,199834
"MS 1207.9+3945; [HB89] 1207+397",42.77*,. . .,2215,BL Lac M,2005ApJ...635..173S,10:26.7,+39:29:09.0,154.9,75,133909
GRB 030328,44.78*,0.46,3586,GRB,2006astro.ph.12285S,10:46.0,-09:22:00.0,286.4,52.2,218221
GRB 030429,46.46*,0.56,5352,GRB,2006astro.ph.12285S,13:07.5,-20:54:49.5,291,41.1,258100
1ES 1212+078,39.03*,. . .,563,BL Lac M,2005ApJ...635..173S,15:10.9,+07:32:04.7,277.6,68.6,38144
PG 1218+304,39.71*,. . .,740,BL Lac M,2005ApJ...635..173S,21:21.9,+30:10:37.1,186.4,82.7,49666
MS 1221.8+2452,40.13*,. . .,872,BL Lac M,2005ApJ...635..173S,24:24.2,+24:36:23.5,234,83.4,58367
GRB 000418,42.97**,1.43,1353,GRB,2006astro.ph..9262M,25:19.3,+20:06:11.0,261.2,80.8,190518
[GC96] J122852.78-000541.0,43.11*,0.3,2585,SNIa,2004ApJ...607..665R,28:52.8,-00:05:41.0,290.8,62.2,134362
H-ZSNS J122900.72+000911.3,42.83*,0.3,2422,SNIa,2004ApJ...607..665R,29:00.7,+00:09:11.3,290.7,62.5,118671
MS 1229.2+6430,39.45*,. . .,668,BL Lac M,2005ApJ...635..173S,31:31.4,+64:14:18.3,126.5,52.8,44913
GRB 050416,42.84*,0.84,2237,GRB,2006astro.ph.12285S,33:54.6,+21:03:27.3,268.6,82.7,139221
SN HST04Hawk,42.54*,0.24,2162,SNIa,2006astro.ph.11572R,35:41.2,+62:11:37.19,126.1,54.8,113592
SN HST05Dic,42.89*,0.18,2310,SNIa,2006astro.ph.11572R,35:49.6,+62:10:11.96,126.1,54.9,136996
SN HST05Gab,44.67*,0.18,4052,SNIa,2006astro.ph.11572R,36:13.8,+62:12:07.56,126,54.8,190666
SN HST05Str,44.77*,0.19,4475,SNIa,2006astro.ph.11572R,36:20.6,+62:10:50.58,126,54.9,180830
SN HST05Koe,45.17*,0.23,4849,SNIa,2006astro.ph.11572R,36:22.9,+62:18:23.20,126,54.7,199408
SN HST05Fer,43.99*,0.27,3109,SNIa,2006astro.ph.11572R,36:25.1,+62:15:23.84,126,54.8,181773
GOODS J123625.99+620655.5,43.01*,0.25,2439,SNIa,2006astro.ph.11572R,36:25.9,+62:06:55.6,126,54.9,137286
GOODS J123625.99+620655.5,43.07*,0.21,2507,SNIa,2004ApJ...607..665R,36:25.9,+62:06:55.6,126,54.9,137286
SN HST04Yow,42.23*,0.32,1913,SNIa,2006astro.ph.11572R,36:34.3,+62:12:12.95,125.9,54.8,108330
SN HST04Man,43.96*,0.29,3341,SNIa,2006astro.ph.11572R,36:34.8,+62:15:49.1,125.9,54.8,164669
GOODS J123644.13+621245.2,45.35*,0.35,5064,SNIa,2006astro.ph.11572R,36:44.1,+62:12:44.8,125.9,54.8,205849
GOODS J123644.13+621245.2,45.53*,0.35,5502,SNIa,2004ApJ...607..665R,36:44.1,+62:12:44.8,125.9,54.8,205849
*MDS uhdfk-27,42.14*,0.19,1817,SNIa,2004ApJ...607..665R,36:49.7,+62:13:13.1,125.9,54.8,110900
*MDS uhdfk-27,42.24*,0.2,1902,SNIa,2006astro.ph.11572R,36:49.7,+62:13:13.1,125.9,54.8,110900
SN HST04Sas,44.90*,0.19,3996,SNIa,2006astro.ph.11572R,36:54.1,+62:08:22.8,125.9,54.9,210463
SN HST04Tha,43.85*,0.27,3013,SNIa,2006astro.ph.11572R,36:55.2,+62:13:04.05,125.9,54.8,175349
[TBF2002] J123655.35+621246.1,43.98*,0.34,3206,SNIa,2006astro.ph.11572R,36:55.4,+62:12:46.1,125.9,54.8,174944
[TBF2002] J123655.35+621246.1,44.06*,0.26,3326,SNIa,2004ApJ...607..665R,36:55.4,+62:12:46.1,125.9,54.8,174944
*GOODS J123655.45+621311.6,44.28*,0.31,3673,SNIa,2004ApJ...607..665R,36:55.4,+62:13:11.4,125.9,54.8,175349
*GOODS J123655.45+621311.6,44.30*,0.27,3707,SNIa,2006astro.ph.11572R,36:55.4,+62:13:11.4,125.9,54.8,175349
SN HST05Lan,44.97*,0.2,4423,SNIa,2006astro.ph.11572R,36:56.7,+62:12:53.33,125.9,54.8,199408
SN HST05Red,43.64*,0.39,2441,SNIa,2006astro.ph.11572R,37:01.7,+62:12:23.98,125.8,54.8,196346
H-ZSNS J123704.27+622624.9,42.74*,0.2,2355,SNIa,2004ApJ...607..665R,37:04.3,+62:26:24.9,125.8,54.6,115305
SN HST05Spo,43.45*,0.2,2663,SNIa,2006astro.ph.11572R,37:06.5,+62:15:11.70,125.8,54.8,162961
GOODS J123709.12+621129.4,44.92*,0.31,4119,SNIa,2006astro.ph.11572R,37:09.1,+62:11:29.4,125.8,54.9,207201
GOODS J123709.12+621129.4,45.05*,0.25,4373,SNIa,2004ApJ...607..665R,37:09.1,+62:11:29.4,125.8,54.9,207201
GOODS J123715.09+621334.6,43.64*,0.25,2815,SNIa,2006astro.ph.11572R,37:15.1,+62:13:34.1,125.8,54.8,169623
GOODS J123715.09+621334.6,43.64*,0.25,2815,SNIa,2004ApJ...607..665R,37:15.1,+62:13:34.1,125.8,54.8,169623
GOODS J123719.68+621837.6,44.64*,0.25,3741,SNIa,2006astro.ph.11572R,37:19.7,+62:18:37.6,125.8,54.7,201984
GOODS J123719.68+621837.6,45.20*,0.2,4841,SNIa,2004ApJ...607..665R,37:19.7,+62:18:37.6,125.8,54.7,201984
SN HST04Eag,44.52*,0.19,3969,SNIa,2006astro.ph.11572R,37:20.8,+62:13:41.50,125.8,54.8,181773
GOODS J123725.06+621317.5,43.19*,0.24,2602,SNIa,2006astro.ph.11572R,37:25.1,+62:13:17.5,125.8,54.8,141545
GOODS J123725.06+621317.5,43.19*,0.28,2602,SNIa,2004ApJ...607..665R,37:25.1,+62:13:17.5,125.8,54.8,141545
GOODS J123728.36+622040.0,44.71*,0.29,4089,SNIa,2006astro.ph.11572R,37:28.4,+62:20:40.0,125.7,54.7,192415
GOODS J123728.36+622040.0,44.84*,0.3,4339,SNIa,2004ApJ...607..665R,37:28.4,+62:20:40.0,125.7,54.7,192415
GOODS J123728.95+621127.8,43.87*,0.2,3071,SNIa,2004ApJ...607..665R,37:28.9,+62:11:27.8,125.8,54.9,173453
GOODS J123748.40+621335.2,43.67*,0.21,2946,SNIa,2006astro.ph.11572R,37:48.4,+62:13:34.9,125.7,54.8,162961
GOODS J123748.40+621335.2,43.86*,0.22,3217,SNIa,2004ApJ...607..665R,37:48.4,+62:13:34.9,125.7,54.8,162961
SN HST04Pat,44.67*,0.36,4360,SNIa,2006astro.ph.11572R,38:09.0,+62:18:47.24,125.6,54.7,176949
1ES 1248-296,41.57*,. . .,1504,BL Lac M,2005ApJ...635..173S,51:34.9,-29:58:42.9,303,32.9,91379
1ES 1255+244,39.09*,. . .,576,BL Lac M,2005ApJ...635..173S,57:31.9,+24:12:40.1,328.5,86.8,39316
GRB 050502,48.06*,0.67,8539,GRB,2006astro.ph.12285S,29:46.3,+42:40:27.2,98.8,72.6,274781
GRB 060206,46.63*,0.64,4196,GRB,2006astro.ph.12285S,31:43.4,+35:03:03.2,78,78.3,277151
GRB 990510,45.46*,0.4,4720,GRB,2006astro.ph.12285S,38:03.0,-80:29:44.0,304.9,-17.8,223495
GRB 990510,47.13**,0.42,7434,GRB,2006astro.ph..9262M,38:03.0,-80:29:44.0,304.9,-17.8,223495
H-ZSNS J134336.92+021930.6,42.36*,0.25,2073,SNIa,2004ApJ...607..665R,43:36.9,+02:19:30.6,331.9,62.2,102878
H-ZSNS J134435.97-001949.3,41.76*,0.23,1606,SNIa,2004ApJ...607..665R,44:35.9,-00:19:49.3,330,59.7,97230
H-ZSNS J134556.16+022653.7,42.25*,0.19,1885,SNIa,2004ApJ...607..665R,45:56.2,+02:26:53.7,333.1,62.1,114451
H-ZSNS J134620.89+020240.4,42.78*,0.26,2193,SNIa,2004ApJ...607..665R,46:20.9,+02:02:40.4,332.9,61.7,137286
SCP J134709.90+022357.5,43.85*,0.19,3218,SNIa,2004ApJ...607..665R,47:09.9,+02:23:57.5,333.6,61.9,161922
H-ZSNS J134744.72+022057.2,43.35*,0.3,2673,SNIa,2004ApJ...607..665R,47:44.7,+02:20:57.2,333.9,61.8,152202
GRB 020405,43.99**,0.67,2713,GRB,2006astro.ph..9262M,58:10.0,-31:23:00.0,319.3,29.4,144289
GRB 020405,43.68*,0.51,3222,GRB,2006astro.ph.12285S,58:10.0,-31:23:00.0,319.3,29.4,144289
SCP J140157.75+044342.4,42.68*,0.19,2227,SNIa,2004ApJ...607..665R,01:57.8,+04:43:42.4,342.9,62,122445
MS 1407.9+5954,42.15*,. . .,1799,BL Lac M,2005ApJ...635..173S,09:23.5,+59:39:40.8,105.9,54.8,114595
[HSP2005] J141618.22+521626.09,43.652*,0.254,2958,SNIa,2006A&A...447...31A,16:18.2,+52:16:26.1,96.4,60.3,160402
LSSP J141633.45+522030.5,40.999*,0.033,1227,SNIa,2006A&A...447...31A,16:33.5,+52:20:30.5,96.4,60.2,74949
[HSP2005] J141635.93+522844.20,41.259*,0.01,1336,SNIa,2006A&A...447...31A,16:35.9,+52:28:44.2,96.6,60.1,84700
[HSP2005] J141639.10+530535.66,43.954*,0.268,3168,SNIa,2006A&A...447...31A,16:39.1,+53:05:35.7,97.4,59.6,174944
[AGR2006] J141651.96+524845.7,43.176*,0.077,2525,SNIa,2006A&A...447...31A,16:51.9,+52:48:45.7,97,59.8,146997
[HSP2005] J141657.90+522246.53,43.287*,0.075,2626,SNIa,2006A&A...447...31A,16:57.9,+52:22:46.5,96.4,60.1,149630
[AGR2006] J141746.11+521603.3,42.796*,0.039,2251,SNIa,2006A&A...447...31A,17:46.1,+52:16:03.4,96.1,60.1,132875
GSS 074_5532,44.673*,0.533,4280,SNIa,2006A&A...447...31A,17:48.4,+52:28:13.7,96.3,60,180830
[AGR2006] J141750.03+525748.9,43.030*,0.06,2492,SNIa,2006A&A...447...31A,17:50.0,+52:57:48.9,97,59.6,134362
[AGR2006] J141758.44+522857.6,41.488*,0.03,1447,SNIa,2006A&A...447...31A,17:58.4,+52:28:57.6,96.3,59.9,91577
[AGR2006] J141810.04+521639.8,42.268*,0.032,1933,SNIa,2006A&A...447...31A,18:10.0,+52:16:39.9,96,60.1,110104
[AGR2006] J141812.45+523930.4,43.023*,0.059,2449,SNIa,2006A&A...447...31A,18:12.5,+52:39:30.4,96.5,59.8,137718
[AGR2006] J141826.19+523142.7,41.474*,0.013,1452,SNIa,2006A&A...447...31A,18:26.2,+52:31:42.7,96.3,59.9,88980
LSSP J141839.89+523645.7,42.031*,0.058,1744,SNIa,2006A&A...447...31A,18:39.9,+52:36:45.7,96.3,59.8,108508
[HSP2005] J141856.33+521115.06,43.691*,0.301,3024,SNIa,2006A&A...447...31A,18:56.3,+52:11:15.1,95.7,60.1,159575
[AGR2006] J141907.89+530419.1,40.682*,0.013,1084,SNIa,2006A&A...447...31A,19:07.9,+53:04:19.2,96.8,59.4,68754
[AGR2006] J141934.59+521732.6,44.430*,0.43,3985,SNIa,2006A&A...447...31A,19:34.6,+52:17:32.6,95.7,59.9,172893
[HSP2005] J141939.38+523314.21,43.453*,0.058,2793,SNIa,2006A&A...447...31A,19:39.4,+52:33:14.2,96,59.7,152963
LSSP J141945.30+523224.7,42.089*,0.034,1789,SNIa,2006A&A...447...31A,19:45.3,+52:32:24.7,96,59.7,108864
PG 1418+546,39.26*,. . .,617,BL Lac M,2005ApJ...635..173S,19:46.6,+54:23:14.8,98.3,58.3,42282
[HSP2005] J141950.92+523011.85,43.941*,0.496,3097,SNIa,2006A&A...447...31A,19:50.9,+52:30:11.9,95.9,59.7,178229
[HSP2005] J142013.67+521658.60,44.259*,0.346,3722,SNIa,2006A&A...447...31A,20:13.7,+52:16:58.6,95.5,59.9,170797
[AGR2006] J142023.95+524915.4,44.414*,0.347,4172,SNIa,2006A&A...447...31A,20:23.9,+52:49:15.5,96.2,59.4,161922
LSSP J142053.55+523620.4,41.866*,0.03,1630,SNIa,2006A&A...447...31A,20:53.6,+52:36:20.4,95.8,59.6,106353
[HSP2005] J142108.00+525829.74,43.544*,0.218,2807,SNIa,2006A&A...447...31A,21:08.0,+52:58:29.7,96.2,59.3,160990
LSSP J142114.54+523218.1,42.592*,0.083,2153,SNIa,2006A&A...447...31A,21:14.5,+52:32:18.1,95.6,59.6,120653
SDSS J142135.88+523138.9,40.571*,0.02,1041,SNIa,2006A&A...447...31A,21:35.9,+52:31:39.0,95.5,59.5,65580
[HSP2005] J142206.87+521343.46,42.461*,0.035,2001,SNIa,2006A&A...447...31A,22:06.9,+52:13:43.5,95,59.7,123894
[HSP2005] J142226.72+522000.92,41.323*,0.012,1372,SNIa,2006A&A...447...31A,22:26.7,+52:20:00.9,95.1,59.6,85318
[AGR2006] J142232.61+523849.3,42.038*,0.03,1762,SNIa,2006A&A...447...31A,22:32.6,+52:38:49.3,95.5,59.4,106714
SNLS 03D3ce,41.1,0.4,1660,SNII,2006ApJ...645..841N,22:33.0,+52:22:53.9,95.1,59.5,74731
[AGR2006] J142233.47+521107.4,43.170*,0.09,2457,SNIa,2006A&A...447...31A,22:33.5,+52:11:07.4,94.9,59.7,152456
[HSP2005] J142238.52+523855.89,43.622*,0.234,2705,SNIa,2006A&A...447...31A,22:38.5,+52:38:55.9,95.5,59.3,175952
PKS 1422+231 D81,48.81**,0.4,9997,HII LF,2005MNRAS.356.1117S,24:31.4,+22:59:51.5,27,68.6,266235
GRB 050802,45.59*,1.05,4842,GRB,2006astro.ph.12285S,37:05.8,+27:47:10.8,40.7,66.6,227935
1ES 1440+122,39.45*,. . .,667,BL Lac M,2005ApJ...635..173S,42:48.3,+12:00:40.3,8.3,59.8,44944
GRB 010222,44.48*,0.42,3177,GRB,2006astro.ph.12285S,52:12.6,+43:01:06.3,73.9,60.9,215757
GRB 010222,45.28**,0.21,3353,GRB,2006astro.ph..9262M,52:12.6,+43:01:06.3,73.9,60.9,215757
MS 1458.8+2249,40.38*,. . .,965,BL Lac M,2005ApJ...635..173S,01:01.8,+22:38:06.5,31.4,60.4,62354
MS 1512-cB58,47.49**,1.57,6003,HII LF,2005MNRAS.356.1117S,14:22.3,+36:36:25.2,59.4,58.4,259452
GRB 990123,44.00**,0.53,1771,GRB,2006astro.ph..9262M,25:29.0,+44:45:30.0,73.1,54.6,222536
GRB 990123,44.99*,0.45,3814,GRB,2006astro.ph.12285S,25:29.0,+44:45:30.0,73.1,54.6,222536
H-ZSNS J153011.25+055527.0,42.58*,0.19,2263,SNIa,2004ApJ...607..665R,30:11.3,+05:55:27.0,10.9,46.7,106534
GRB 060526,47.35*,0.46,7010,GRB,2006astro.ph.12285S,31:23.0,+00:15:00.0,4.7,43.1,267770
MS 1534.2+0148,41.10*,. . .,1265,BL Lac M,2005ApJ...635..173S,36:46.8,+01:37:59.5,7.3,42.9,79466
PKS 1538+149,42.79*,. . .,2252,BL Lac M,2005ApJ...635..173S,40:49.5,+14:47:45.9,24.3,48.8,132124
GRB 060418,45.45*,0.56,4943,GRB,2006astro.ph.12285S,45:41.0,-03:39:00.0,3.6,37.9,216460
GRB 060502,44.71*,0.66,3486,GRB,2006astro.ph.12285S,03:26.0,+66:36:00.0,99.9,40.9,217659
GRB 000301C,46.30**,0.4,4379,GRB,2006astro.ph..9262M,20:18.5,+29:26:35.0,48.7,44.3,241022
[HB89] 1623+269:BX432,45.45**,3.07,2748,HII LF,2005MNRAS.356.1117S,25:48.7,+26:46:47.1,45.4,42.6,245889
[HB89] 1623+269:MD107,44.82**,1.58,1846,HII LF,2005MNRAS.356.1117S,25:53.9,+26:45:15.2,45.4,42.6,255420
GRB 050401,46.67*,0.59,5533,GRB,2006astro.ph.12285S,31:28.8,+02:11:14.2,17.4,31.8,262804
GRB 991208,41.69*,0.67,1276,GRB,2006astro.ph.12285S,33:53.5,+46:27:21.0,72.4,42.6,146389
GRB 991208,>43.35**,0.86,2001,GRB,2006astro.ph..9262M,33:53.5,+46:27:21.0,72.4,42.6,146389
H-ZSNS J165300.27+350346.4,44.13*,0.38,3400,SNIa,2004ApJ...607..665R,53:00.3,+35:03:46.4,57.6,38.5,176949
HS 1700+6416:BX717,46.64**,1.58,4398,HII LF,2005MNRAS.356.1117S,00:57.0,+64:12:23.7,94.4,36.2,252955
HS 1700+6416:[SSE2005] MD0103,46.72**,1.8,4729,HII LF,2005MNRAS.356.1117S,01:00.2,+64:11:55.6,94.4,36.2,249782
GRB 030528,44.30*,0.59,4065,GRB,2006astro.ph.12285S,04:02.0,-22:39:00.0,0,11.3,156197
GRB 000926,45.93**,0.92,3688,GRB,2006astro.ph..9262M,04:09.7,+51:47:10.5,78.9,37.3,241161
GRB 000926,45.62*,0.69,4339,GRB,2006astro.ph.12285S,04:09.7,+51:47:10.5,78.9,37.3,241161
MS 1704.9+6046,40.74*,. . .,1098,BL Lac M,2005ApJ...635..173S,05:34.8,+60:42:15.8,90,36.3,72539
H-ZSNS J170748.26+440126.2,42.08*,0.19,1810,SNIa,2004ApJ...607..665R,07:48.3,+44:01:26.2,69.2,36.6,104717
PKS 1749+096,41.49*,. . .,1505,BL Lac M,2005ApJ...635..173S,51:32.8,+09:39:00.7,34.9,17.6,81157
MS 1757.7+7034,41.70*,. . .,1555,BL Lac M,2005ApJ...635..173S,57:13.2,+70:33:37.4,101,30,98566
GRB 970828,43.86**,0.45,2206,GRB,2006astro.ph..9262M,08:31.7,+59:18:50.0,88.2,28.5,175738
GRB 970828,43.58*,0.46,2656,GRB,2006astro.ph.12285S,08:31.7,+59:18:50.0,88.2,28.5,175738
[HB89] 1823+568,43.06*,. . .,2459,BL Lac M,2005ApJ...635..173S,24:07.1,+56:51:01.5,85.7,26.1,140705
GRB 050126,45.71*,0.57,6056,GRB,2006astro.ph.12285S,32:27.0,+42:22:14.0,70.8,21.2,203768
"GRB 050525; SN 2005nc",43.34*,0.42,2899,GRB,2006astro.ph.12285S,32:32.6,+26:20:22.6,55,15.5,132275
1ES 1853+671,40.13*,. . .,876,BL Lac M,2005ApJ...635..173S,53:52.0,+67:13:55.0,97.7,24.6,56942
H 1914-194,39.33*,. . .,646,BL Lac M,2005ApJ...635..173S,17:44.8,-19:21:30.6,18.2,-14.3,38281
GRB 020813,44.11*,0.41,2950,GRB,2006astro.ph.12285S,46:41.9,-19:36:05.1,20.8,-20.7,201185
GRB 020813,45.00**,1.07,3239,GRB,2006astro.ph..9262M,46:41.9,-19:36:05.1,20.8,-20.7,201185
[HB89] 2007+777,41.60*,. . .,1625,BL Lac M,2005ApJ...635..173S,05:30.9,+77:52:43.1,110.5,22.7,85729
GRB 050922C,45.92*,0.57,4777,GRB,2006astro.ph.12285S,09:33.1,-08:45:29.6,41.3,-34.6,246388
GRB 060605,47.21*,0.72,5873,GRB,2006astro.ph.12285S,28:35.0,-06:04:00.0,47,-37.5,273941
GRB 060607,46.48*,0.59,4843,GRB,2006astro.ph.12285S,58:51.0,-22:30:00.0,29.9,-50.8,265846
GRB 051109,45.82*,0.83,4360,GRB,2006astro.ph.12285S,01:11.0,+40:50:00.0,91.5,-11.4,250629
[HSP2005] J221340.46-174053.90,44.553*,0.38,4224,SNIa,2006A&A...447...31A,13:40.5,-17:40:53.9,39.1,-52.5,172582
[AGR2006] J221410.24-173024.1,43.708*,0.258,2895,SNIa,2006A&A...447...31A,14:10.2,-17:30:24.2,39.4,-52.5,170265
SNLS 04D4fu,38.94,0.14,614,SNII,2006ApJ...645..841N,14:11.5,-17:32:32.7,39.4,-52.6,37241
[AGR2006] J221422.90-174402.4,42.761*,0.047,2256,SNIa,2006A&A...447...31A,14:22.9,-17:44:02.5,39.1,-52.7,128461
[AGR2006] J221424.02-174636.0,43.133*,0.064,2592,SNIa,2006A&A...447...31A,14:24.0,-17:46:36.0,39,-52.7,136270
[AGR2006] J221433.75-173515.3,43.507*,0.272,2580,SNIa,2006A&A...447...31A,14:33.8,-17:35:15.4,39.4,-52.7,174842
[HSP2005] J221444.17-173144.47,42.465*,0.07,1981,SNIa,2006A&A...447...31A,14:44.2,-17:31:44.5,39.5,-52.7,126904
APMUKS(BJ) B221202.39-175918.2,40.731*,0.015,1090,SNIa,2006A&A...447...31A,14:45.8,-17:44:22.3,39.1,-52.8,73639
[AGR2006] J221449.39-174939.3,42.487*,0.056,2028,SNIa,2006A&A...447...31A,14:49.4,-17:49:39.4,39,-52.8,123574
[AGR2006] J221450.51-175723.2,42.515*,0.029,1985,SNIa,2006A&A...447...31A,14:50.5,-17:57:23.2,38.8,-52.9,131974
[AGR2006] J221507.68-180336.7,43.475*,0.185,2693,SNIa,2006A&A...447...31A,15:07.7,-18:03:36.8,38.7,-53,163076
[HSP2005] J221525.47-171442.71,43.950*,0.264,3405,SNIa,2006A&A...447...31A,15:25.5,-17:14:42.7,40,-52.7,159693
[AGR2006] J221528.14-174948.6,43.521*,0.135,3219,SNIa,2006A&A...447...31A,15:28.1,-17:49:48.7,39.1,-53,127060
[AGR2006] J221557.11-174143.9,42.961*,0.061,2424,SNIa,2006A&A...447...31A,15:57.1,-17:41:43.9,39.4,-53,133323
[AGR2006] J221609.91-180439.1,42.708*,0.069,2371,SNIa,2006A&A...447...31A,16:09.9,-18:04:39.2,38.8,-53.2,109751
SNLS 03D4cw,39.11,0.55,664,SNII,2006ApJ...645..841N,16:11.6,-17:14:00.7,40.1,-52.9,42726
[HSP2005] J221614.47-172344.37,43.353*,0.076,2615,SNIa,2006A&A...447...31A,16:14.5,-17:23:44.4,39.9,-53,157295
[HSP2005] J221634.60-171613.55,43.532*,0.304,2798,SNIa,2006A&A...447...31A,16:34.6,-17:16:13.6,40.1,-53,160520
[AGR2006] J221640.18-180951.8,42.562*,0.09,2044,SNIa,2006A&A...447...31A,16:40.2,-18:09:51.8,38.8,-53.3,130153
[HSP2005] J221641.87-175534.54,43.023*,0.086,2374,SNIa,2006A&A...447...31A,16:41.9,-17:55:34.5,39.1,-53.3,144982
[AGR2006] J221644.66-175002.3,44.000*,0.29,3218,SNIa,2006A&A...447...31A,16:44.7,-17:50:02.4,39.3,-53.2,176052
SSA 22a MD46,46.76**,0.56,3903,HII LF,2005MNRAS.356.1117S,17:27.3,+00:18:10.0,63.1,-44,265987
[AGR2006] J221731.04-173746.9,42.746*,0.035,2177,SNIa,2006A&A...447...31A,17:31.0,-17:37:46.9,39.7,-53.3,135393
SSA 22a D03,49.71**,0.43,15200,HII LF,2005MNRAS.356.1117S,17:32.4,+00:11:32.9,63,-44,265909
SSA 22a MD041,48.96**,0.85,13870,HII LF,2005MNRAS.356.1117S,17:39.9,+00:17:11.0,63.1,-44,245566
GRB 060604,46.48*,0.63,5372,GRB,2006astro.ph.12285S,28:58.0,-10:54:00.0,51.8,-52.8,258562
GRB 050820,46.70*,0.66,6057,GRB,2006astro.ph.12285S,29:38.2,+19:33:35.1,82.8,-32,257107
GRB 990712,<42.13**,0.33,1358,GRB,2006astro.ph..9262M,31:53.1,-73:24:28.6,315.3,-40.2,103458
GRB 990712,41.63*,0.53,1478,GRB,2006astro.ph.12285S,31:53.1,-73:24:28.6,315.3,-40.2,103458
DSF 2237+116a C02,47.73**,0.25,5764,HII LF,2005MNRAS.356.1117S,40:08.3,+11:49:04.8,79.3,-39.7,269445
GRB 020903,40.79*,1.14,1151,GRB,2006astro.ph.12285S,49:27.0,-20:54:00.0,38.9,-61.5,65808
GRB 010921,41.71**,0.62,1106,GRB,2006astro.ph..9262M,55:59.9,+40:55:52.8,100.5,-16.9,106696
GRB 010921,42.35*,0.6,2034,GRB,2006astro.ph.12285S,55:59.9,+40:44:42.8,100.5,-16.9,106696
PKS 2254+074,39.93*,. .,814,BL Lac M,2005ApJ...635..173S,57:17.3,+07:43:12.3,80.4,-45.5,51630
GRB 051111,44.58*,0.69,3232,GRB,2006astro.ph.12285S,12:33.2,+18:22:29.1,92.4,-38.6,219846
1ES 2326+174,40.17*,. . .,892,BL Lac M,2005ApJ...635..173S,29:03.3,+17:43:30.0,96.6,-40.9,57180
H-ZSNS J233035.80+001640.0,44.19*,0.34,3088,SNIa,2004ApJ...607..665R,30:35.8,+00:16:40.0,84.3,-56.4,199408
H-ZSNS J233041.36+001842.7,42.75*,0.24,2365,SNIa,2004ApJ...607..665R,30:41.4,+00:18:42.7,84.4,-56.4,115305
H-ZSNS J233153.03+000932.3,41.00*,0.41,1238,SNIa,2004ApJ...607..665R,31:53.0,+00:09:32.3,84.7,-56.7,72539
GRB 051022,43.95*,0.42,3426,GRB,2006astro.ph.12285S,56:00.0,+19:36:00.0,105.4,-41.4,158381
GRB 980703,44.31**,0.45,2702,GRB,2006astro.ph..9262M,59:05.0,+08:33:36.0,101.5,-52.1,176578
GRB 980703,44.07*,0.4,3314,GRB,2006astro.ph.12285S,59:05.0,+08:33:36.0,101.5,-52.1,176578
"H 2356-309; LEDA 141426",39.46*,. . .,669,BL Lac M,2005ApJ...635..173S,59:07.9,-30:37:41.4,12.8,-78,45455
SN 2003XX,43.97*,0.29,3216,SNIa,2006astro.ph.11572R,XX,XX,XX,XX,173410
